"Link","Dam Name","Other Dam Name","NIDID","Inspection Date","Owner Type","Owner Name","NID Height (Ft.)","NID Storage","Primary Purpose","All Purposes","Dam Type","River","City","Distance","County","State","Congressional District","Congressional Rep.","Permitting Authority","Inspection Authority","Enforcement Authority","Eap Last Rev Date","Zoom To"
"","HAWKINS POND","FOUNTAIN SPRING POND","RI03106","12/14/2011","Private","-","10","132","Recreation","Recreation","-","REAPER BROOK","SMITHFIELD","0","PROVIDENCE","RI","RI01","David N. Cicilline (D)","Y","Y","Y","-","-71.54502104","41.86282347"
"","TARKILN POND","-","RI00308","-","-","BURRILLVILLE, TOWN OF","14","110","Recreation","Recreation","-","TARKILN BROOK","NORTHSMITHFIELD","3","PROVIDENCE","RI","RI02","James R. Langevin (D)","N","Y","N","-","-71.59819799","41.96463779"
"","GREENVILLE MILL POND","-","RI04324","-","Private","GREENVILLE PROPERTIES, INC.","13","50","Other","Other","-","STILLWATER RIVER","SMITHFIELD","0","PROVIDENCE","RI","RI01","David N. Cicilline (D)","N","Y","N","-","-71.57148741","41.87742233"
"","TODD'S POND","-","RI04261","10/28/2010","Private","PAUL R & KAREN A HAZARD","10","75","-","-","-","CHERRY BROOK","NORTH SMITHFIELD","0","PROVIDENCE","RI","RI01","David N. Cicilline (D)","Y","Y","Y","-","-71.53786468","41.96775816"
"","HARRIS POND","-","RI03901","09/06/2012","Local Government","WOONSOCKET WATER DIVISION","40","2850","Water Supply","Water Supply","-","MILL RIVER","WOONSOCKET","0","PROVIDENCE","RI","RI01","David N. Cicilline (D)","Y","Y","Y","-","-71.50681303","42.01641079"
"","HARRISVILLE POND","-","RI00303","-","-","REMINGTON, CLINTON O., III","9","840","Recreation","Recreation","-","PASCOAG RIVER","BURRILLVILLE","0","PROVIDENCE","RI","RI02","James R. Langevin (D)","Y","Y","Y","-","-71.67486571","41.96574024"
"","MOFFETT POND","-","RI04237","12/08/2011","-","LINCOLN, TOWN OF","10","5","Other","Other","-","MOSHASSUCK RIVER","LINCOLN","0","PROVIDENCE","RI","RI01","David N. Cicilline (D)","Y","Y","Y","-","-71.42518619","41.90509795"
"","COOMER LAKE","-","RI01305","-","Local Government","PROVIDENCE WATER SUPPLY BOARD","9","86","Recreation","Water Supply, Recreation","-","PEEPTOAD BROOK","GLOCESTER","3","PROVIDENCE","RI","RI02","James R. Langevin (D)","Y","Y","Y","-","-71.62326048","41.87953187"
"","INDIAN RUN","-","RI04391","-","Local Government","SOUTH KINGSTOWN, TOWN OF","8","0","-","-","-","INDIAN RUN","-","0","WASHINGTON","RI","RI02","James R. Langevin (D)","Y","Y","Y","-","-71.48743","41.44471"
"","WERTZ + VIALL POND","-","RI02302","-","Private","RIDEM FISH AND WILDLIFE","10","68","Recreation","Recreation","-","WANNACHECOMECUT BROOK","NORTH KINGSTOWN","-","WASHINGTON","RI","RI02","James R. Langevin (D)","N","Y","N","-","-71.44336","41.54097"
"","OAKLAND POND","-","RI00312","-","Private","COVE MACHINERY CO.","18","160","-","-","-","BRANCH RIVER","BURRILLVILLE","2","PROVIDENCE","RI","RI02","James R. Langevin (D)","N","Y","N","-","-71.64189152","41.95983507"
"","SUCKER BROOK BRIDGE POND","-","RI04166","09/12/2003","Private","RI DOT DIVISION OF MAINTENANCE","16","15","Other","Other","-","SUCKER BROOK","GLOCESTER","0","PROVIDENCE","RI","RI02","James R. Langevin (D)","Y","Y","Y","-","-71.66965488","41.9260521"
"","LANGWORTHY POND","-","RI04200","11/22/2011","Private","MANN, RICHARD A.","9","3","Other","Other","-","BRUSHY BROOK-TRIB","HOPKINTON","0","WASHINGTON","RI","RI02","James R. Langevin (D)","Y","Y","Y","-","-71.71837617","41.50828552"
"","MESHANTICUT PARK POND","MESHANTICUT POND","RI04081","05/23/2012","State","RI DEM PARKS & RECREATION","8","50","Recreation","Recreation","-","MESHANTICUT BROOK","CRANSTON","0","PROVIDENCE","RI","RI02","James R. Langevin (D)","Y","Y","Y","-","-71.47830202","41.76779557"
"","HOPE","-","RI03005","12/14/2011","Private","HOPE MILL VILLAGE","19","418","Hydroelectric","Hydroelectric, Recreation","-","PAWTUXET RIVER-NORTH BRANCH","SCITUATE","0","PROVIDENCE","RI","RI02","James R. Langevin (D)","Y","Y","Y","-","-71.56428529","41.73106764"
"","SISSON POND","-","RI02702","05/23/2011","Local Government","NEWPORT, CITY OF","14","550","Water Supply","Water Supply","-","LAWTON VALLEY BROOK","PORTSMOUTH","0","NEWPORT","RI","RI01","David N. Cicilline (D)","Y","Y","Y","-","-71.27825929","41.55557634"
"","JAMESTOWN RESERVOIR","CARR'S POND","RI01501","08/07/2012","Local Government","JAMESTOWN, TOWN OF","10","195","Water Supply","Water Supply","-","JAMESTOWN BROOK","JAMESTOWN","0","NEWPORT","RI","RI01","David N. Cicilline (D)","Y","Y","Y","-","-71.37449645","41.52965926"
"","SPRAGUE UPPER RESERVOIR","-","RI03105","04/10/2013","Private","YMCA OF GREATER PROVIDENCE","26","368","Recreation","Recreation","-","STILLWATER RIVER-TRIB","SMITHFIELD","1","PROVIDENCE","RI","RI01","David N. Cicilline (D)","Y","Y","Y","-","-71.56317135","41.89173123"
"","ADAMSVILLE POND","-","RI04537","03/29/2006","Private","TUXEDO PROPERTY, LLC; WAITE, GRAYTON T.","0","0","-","-","-","ADAMSVILLE BROOK","-","0","NEWPORT","RI","MA09","William R. Keating (D)","Y","Y","Y","-","-71.12653","41.55577"
"","PAWTUCKET RESERVOIR","ARNOLD MILLS RESERVOIR","RI00803","07/11/2012","Local Government","PAWTUCKET WATER SUPPLY BOARD","33","5300","Water Supply","Water Supply","-","ABBOTT RUN","CUMBERLAND","2","PROVIDENCE","RI","RI01","David N. Cicilline (D)","Y","Y","Y","-","-71.39056392","41.98137666"
"","GLEN ROCK RESERVOIR","USQUEPAUG","RI03203","04/26/2005","Private","PAUL E.T. DRUMM III","8","125","Other","Recreation, Other","-","USQUEPAUG RIVER","SOUTH KINGSTOWN","0","WASHINGTON","RI","RI02","James R. Langevin (D)","N","Y","N","-","-71.60816958","41.50386046"
"","LAKE ALDERSGATE","-","RI04180","03/21/2014","Private","NEW ENGLAND CONFERENCE OF THE UNITED METHODIST CHURCH DBA CAMP ALDERSGATE","6","80","Recreation","Recreation","Earth","MOSQUITOHAWK BROOK-TRIB","GLOCESTER","0","PROVIDENCE","RI","RI02","James R. Langevin (D)","Y","Y","Y","-","-71.66243747","41.87895205"
"","COVENTRY RESERVOIR","STUMP POND","RI00603","05/24/2010","Private","HALL, STACIA","15","848","Recreation","Recreation","-","QUIDNICK BROOK","COVENTRY","0","KENT","RI","RI02","James R. Langevin (D)","Y","Y","Y","-","-71.63659672","41.70088578"
"","CRANSTON PRINT WORKS POND","-","RI00701","10/15/2009","Private","CRANSTON PRINT WORKS COMPANY","17","255","Other","Other","-","POCASSET RIVER","CRANSTON","1","PROVIDENCE","RI","RI02","James R. Langevin (D)","Y","Y","Y","-","-71.45970919","41.79346467"
"","WARREN RESERVOIR LOWER","KICKAMUIT LOWER RESERVOIR","RI04342","07/20/2012","Local Government","BRISTOL COUNTY WATER AUTHORITY","10","111","Water Supply","Water Supply","-","KICKAMUIT RIVER","WARREN","0","BRISTOL","RI","RI01","David N. Cicilline (D)","Y","Y","Y","-","-71.26305","41.72974"
"","SLOCUM ROAD UPPER","-","RI04502","05/07/2010","Private","KLEIN, MAURICE N. & KIMBERLY PERRY","0","0","-","-","-","CHIPUXET RIVER-TRIB","-","0","WASHINGTON","RI","RI02","James R. Langevin (D)","Y","Y","Y","-","-71.51246","41.51794"
"","MANTON MILL POND","-","RI04277","-","Private","RIVER EDGE VILLAGE ASSOCIATES; DECORATIVE SPECIALTIES INTERNATIONAL INC.","11","50","Other","Other","Concrete","WOONASQUATUCKET RIVER","PROVIDENCE","0","PROVIDENCE","RI","RI02","James R. Langevin (D)","N","Y","N","-","-71.47212978","41.83495329"
"","NYE FARM POND","-","RI04059","-","Private","NYE, NORMAN & BERYL","10","5","Fire Protection, Stock, Or Small Fish Pond","Fire Protection, Stock, Or Small Fish Pond","Earth","BUCKS HORN BROOK","COVENTRY","0","KENT","RI","RI02","James R. Langevin (D)","N","Y","N","-","-71.73838044","41.69018938"
"","HAPPY HOLLOW POND","-","RI00806","07/14/2012","Local Government","PAWTUCKET WATER SUPPLY BOARD","19","360","Water Supply","Water Supply","-","ABBOTT RUN","CENTRAL FALLS","1","PROVIDENCE","RI","RI01","David N. Cicilline (D)","Y","Y","Y","-","-71.38552854","41.90099339"
"","ASA POND","-","RI04330","09/08/2014","Local Government","SOUTH KINGSTOWN, TOWN OF","10","137","Recreation","Recreation","-","ROCKY BROOK","SOUTH KINGSTOWN","0","WASHINGTON","RI","RI02","James R. Langevin (D)","Y","Y","Y","-","-71.51294704","41.45770265"
"","BARNEY POND","-","RI01701","04/09/2009","Local Government","LINCOLN, TOWN OF","20","172","Recreation","Recreation","-","MOSHASSUCK RIVER","LINCOLN","1","PROVIDENCE","RI","RI01","David N. Cicilline (D)","Y","Y","Y","-","-71.41432187","41.8965149"
"","BELLEVILLE POND","-","RI02305","08/07/2012","Local Government","NORTH KINGSTOWN, TOWN OF","8","461","Recreation","Recreation","-","ANNAQUATUCKET RIVER","NORTH KINGSTOWN","2","WASHINGTON","RI","RI02","James R. Langevin (D)","Y","Y","Y","-","-71.47319035","41.55976103"
"","JAMES V TURNER RESERVOIR","EAST PROVIDENCE WATER WORKS","RI01002","-","Local Government","EAST PROVIDENCE, CITY OF","8","234","Recreation","Recreation","-","TEN MILE RIVER","EAST PROVIDENCE","1","PROVIDENCE","RI","RI01","David N. Cicilline (D)","Y","Y","Y","-","-71.34188076","41.83319855"
"","OMEGA POND","-","RI01001","-","Private","OCEAN STATE STEEL, INC.","60","3100","Recreation","Recreation","-","TEN MILE RIVER","EAST PROVIDENCE","0","PROVIDENCE","RI","RI01","David N. Cicilline (D)","N","Y","N","-","-71.36876679","41.83885956"
"","KIMBALL RESERVOIR","-","RI01603","-","Local Government","PROVIDENCE WATER SUPPLY BOARD","10","116","Water Supply","Water Supply","-","MOSWANSICUT BROOK","SCITUATE","2","PROVIDENCE","RI","RI02","James R. Langevin (D)","Y","Y","Y","-","-71.56513209","41.83812332"
"","LAWTON VALLEY RESERVOIR","-","RI02701","11/15/2010","Local Government","NEWPORT, CITY OF","48","1764","Water Supply","Water Supply","-","LAWTON VALLEY BROOK","PORTSMOUTH","0","NEWPORT","RI","RI01","David N. Cicilline (D)","Y","Y","Y","-","-71.28055575","41.56572341"
"","BLACKSTONE","TUPPERWARE","RI83001","-","Private","DART INDUSTRIES (TUPPERWARE)","42","708","Hydroelectric","Hydroelectric","-","BLACKSTONE RIVER","NORTH SMITHFIELD","0","-","RI","MA02","James P. McGovern (D)","N","N","N","-","-71.553587","42.015349"
"","DIAMOND HILL RESERVOIR","PAWTUCKET UPPER RESERVOIR","RI00802","07/11/2012","Local Government","PAWTUCKET WATER SUPPLY BOARD","80","15680","Water Supply","Water Supply","-","BURNT SWAMP BROOK","CUMBERLAND","1","PROVIDENCE","RI","RI01","David N. Cicilline (D)","Y","Y","Y","-","-71.39688877","41.98958971"
"","SLACK RESERVOIR","-","RI03104","11/23/2009","Private","SLACK'S RESERVOIR ASSOCIATION, INC.","17","1780","Recreation","Recreation","-","STILLWATER RIVER-TRIB","SMITHFIELD","0","PROVIDENCE","RI","RI01","David N. Cicilline (D)","Y","Y","Y","-","-71.55325319","41.86879352"
"","STILLWATER POND","-","RI03102","05/20/2010","Private","BREAKWATER PRESERVATION CONSERVANCY","18","170","Other","Other","-","WOONASQUATUCKET RIVER","SMITHFIELD","2","PROVIDENCE","RI","RI01","David N. Cicilline (D)","Y","Y","Y","-","-71.52516177","41.90790562"
"","LYMANSVILLE","-","RI02402","-","Private","THETA PROPERTIES, INC.","19","68","Other","Other","-","WOONASQUATUCKET RIVER","NORTH PROVIDENCE","0","PROVIDENCE","RI","RI02","James R. Langevin (D)","N","Y","N","-","-71.47739408","41.8395615"
"","ROBIN HOLLOW POND","-","RI00805","08/03/2010","Local Government","PAWTUCKET WATER SUPPLY BOARD","15","240","Water Supply","Water Supply","-","ABBOTT RUN","CENTRAL FALLS","1","PROVIDENCE","RI","RI01","David N. Cicilline (D)","Y","Y","Y","-","-71.38421628","41.91420746"
"","SLATERSVILLE RESERVOIR MIDDLE","-","RI02502","11/12/2009","Private","DUDLEY DEVELOPMENT CORP.","26","1330","-","-","-","BRANCH RIVER","NORTH SMITHFIELD","1","PROVIDENCE","RI","RI01","David N. Cicilline (D)","Y","Y","Y","-","-71.58184813","41.99769971"
"","PEEPTOAD POND","HARRISDALE POND","RI04299","-","Local Government","PROVIDENCE WATER SUPPLY BOARD","16","50","Other","Other","-","PEEPTOAD BROOK","SCITUATE","0","PROVIDENCE","RI","RI02","James R. Langevin (D)","Y","Y","Y","-","-71.60604854","41.85277172"
"","GREENWICH BLEACHERY POND","-","RI04105","-","State","RI DEM PARKS & RECREATION & FISH & WILDLIFE","8","280","Other","Other","-","MASKERCHUGG RIVER","EAST GREENWICH","0","KENT","RI","RI02","James R. Langevin (D)","N","Y","N","-","-71.46006012","41.65254595"
"","HOXIE FARM POND","-","RI04205","10/29/2010","State","RI DOT","7","25","Fire Protection, Stock, Or Small Fish Pond","Fire Protection, Stock, Or Small Fish Pond","Earth","CANONCHET BROOK-TRIB","HOPKINTON","0","WASHINGTON","RI","RI02","James R. Langevin (D)","Y","Y","Y","-","-71.7509613","41.479084"
"","FLAT RIVER RESERVOIR","JOHNSON'S POND","RI00601","05/12/2014","Private","QUIDNICK RESERVOIR COMPANY","24","12650","Recreation","Recreation","-","PAWTUXET RIVER-SOUTH BRANCH","COVENTRY","2","KENT","RI","RI02","James R. Langevin (D)","Y","Y","Y","-","-71.59472653","41.69443512"
"","SYLVESTER POND","-","RI04380","-","Local Government","WOONSOCKET, CITY OF","8","35","Other","Other","-","IRONMINE BROOK","WOONSOCKET","0","PROVIDENCE","RI","RI01","David N. Cicilline (D)","N","Y","N","-","-71.49539943","42.00191878"
"","RHODE ISLAND DAM NO.43","SLATERSVILLE RESERVOIR UPPER DAM","RI02501","09/22/2015","Private","DUDLEY DEVELOPMENT CORPORATION","36","3640","Hydroelectric","Hydroelectric","-","BRANCH RIVER","NORTH SMITHFIELD","0","PROVIDENCE","RI","RI01","David N. Cicilline (D)","N","N","N","-","-71.595","41.9933"
"","TIOGUE LAKE","-","RI00604","05/24/2010","-","COVENTRY, TOWN OF (GATE OWNER)","15","1468","Recreation","Recreation","-","TIOGUE RIVER","COVENTRY","1","KENT","RI","RI02","James R. Langevin (D)","Y","Y","Y","-","-71.55078797","41.68480367"
"","QUIDNICK RESERVOIR","-","RI00602","06/26/2014","Private","YMCA OF PAWTUCKET INC.","14","750","Recreation","Recreation","-","QUIDNICK BROOK","COVENTRY","3","KENT","RI","RI02","James R. Langevin (D)","Y","Y","Y","-","-71.67772671","41.68548203"
"","CENTER OF NEW ENGLAND #1","-","RI04438","07/13/2012","Private","COMMERCE PARK PROPERTIES, LLC","8","0","-","-","-","TIOGUE LAKE-TRIB","-","0","KENT","RI","RI02","James R. Langevin (D)","Y","Y","Y","-","-71.50501","41.84883"
"","DAVES MARKETPLACE","-","RI04462","08/31/2010","Private","GLENN ALLEN DEVELOPMENT COMPANY, LLC","0","0","-","-","-","TUSCATUCKET BROOK","-","0","KENT","RI","RI02","James R. Langevin (D)","Y","Y","Y","-","-71.4207","41.70431"
"","CURRAN UPPER RESERVOIR","J.L. CURRAN RESERVOIR","RI00702","03/09/2010","State","RI DEM PARKS & RECREATION","29","500","Fish and Wildlife Pond","Recreation, Fish and Wildlife Pond","-","CLARKE BROOK","CRANSTON","1","PROVIDENCE","RI","RI02","James R. Langevin (D)","Y","Y","Y","-","-71.55107119","41.75054932"
"","KEECH POND","-","RI01301","11/05/2009","Private","PROPERTY OWNER'S ASSOCIATION OF KEECH POND, INC.","15","870","Recreation","Recreation","-","CHEPACHET RIVER","GLOCESTER","2","PROVIDENCE","RI","RI02","James R. Langevin (D)","Y","Y","Y","-","-71.68824006","41.88439945"
"","FRUIT OF THE LOOM","PONTIAC","RI03501","-","Private","PONTIAC ENTERPRISES LTD.","9","216","Other","Other","-","PAWTUXET RIVER","WARWICK","0","KENT","RI","RI02","James R. Langevin (D)","N","Y","N","-","-71.47136688","41.72624971"
"","STONE POND","-","RI04073","10/15/2009","Private","FENNER, RICHARD A. & KATHLEEN M., TRUSTEES","8","34","Recreation","Recreation","-","FENNER BROOK","CRANSTON","0","PROVIDENCE","RI","RI02","James R. Langevin (D)","Y","Y","Y","-","-71.48957059","41.79079436"
"","HOPKINS MILL POND","-","RI01203","-","Local Government","PROVIDENCE WATER SUPPLY BOARD","21","510","Other","Other","-","PONAGANSET RIVER","FOSTER","0","PROVIDENCE","RI","RI02","James R. Langevin (D)","N","Y","N","-","-71.70793915","41.82405092"
"","PRATT","-","RI01705","-","Local Government","CUMBERLAND, TOWN OF","8","100","-","-","-","BLACKSTONE RIVER","CUMBERLAND","0","PROVIDENCE","RI","RI01","David N. Cicilline (D)","N","Y","N","-","-71.40889739","41.91358566"
"","SIMMONS LOWER RESERVOIR","-","RI01607","09/09/2010","Local Government","JOHNSTON, TOWN OF","12","317","Other","Other","-","CEDAR SWAMP BROOK","JOHNSTON","2","PROVIDENCE","RI","RI02","James R. Langevin (D)","Y","Y","Y","-","-71.50913243","41.79114913"
"","ASHVILLE POND","-","RI01404","11/22/2011","Private","HOPKINTON, TOWN OF","10","150","Recreation","Recreation","-","BLUE POND BROOK","HOPKINTON","1","WASHINGTON","RI","RI02","James R. Langevin (D)","Y","Y","Y","-","-71.75112154","41.49976351"
"","DURFEE HILL WILDLIFE MARSH #2","-","RI04179","08/08/2012","State","RI DEM FISH & WILDLIFE","8","55","Fish and Wildlife Pond","Recreation, Fish and Wildlife Pond","Earth","CADY BROOK","GLOCESTER","-","PROVIDENCE","RI","RI02","James R. Langevin (D)","Y","Y","Y","-","-71.79575345","41.90188982"
"","OCEAN STATE POWER","-","RI04557","09/23/2013","Private","OCEAN STATE POWER & OCEAN STATE POWER II","36","86","Other","Other","-","-","-","0","-","RI","RI02","James R. Langevin (D)","Y","Y","Y","-","-71.60198277","41.98771974"
"","JORDAN POND","CLAYVILLE POND","RI04298","12/20/2011","Local Government","PROVIDENCE WATER SUPPLY BOARD","22","65","Water Supply","Water Supply","-","WESTCONNAUG BROOK","SCITUATE","0","PROVIDENCE","RI","RI02","James R. Langevin (D)","Y","Y","Y","-","-71.67464445","41.77767943"
"","SNAKESKIN POND","-","RI04161","-","Private","STEERE, BRADLEY L.","25","125","-","-","-","SPRING GROVE BROOK","GLOCESTER","0","PROVIDENCE","RI","RI02","James R. Langevin (D)","Y","Y","Y","-","-71.65752414","41.92057423"
"","CANADA UPPER POND","-","RI02801","12/19/2011","Local Government","PROVIDENCE, CITY OF","21","144","Other","Other","-","WEST RIVER-TRIB","PROVIDENCE","0","PROVIDENCE","RI","RI01","David N. Cicilline (D)","Y","Y","Y","-","-71.42627722","41.85477826"
"","WATERMAN LAKE","-","RI03103","08/02/2012","Private","CITIZENS FOR THE PRESERVATION OF WATERMAN LAKE, INC.","19","3750","Recreation","Recreation","-","STILLWATER RIVER","SMITHFIELD","0","PROVIDENCE","RI","RI01","David N. Cicilline (D)","Y","Y","Y","-","-71.57666782","41.87832638"
"","MELVILLE #1","-","RI04552","09/01/2012","Local Government","PORTSMOUTH, TOWN OF","0","0","-","-","-","EAST PASSAGE-TRIB","-","0","NEWPORT","RI","RI01","David N. Cicilline (D)","Y","Y","Y","-","-71.27808","41.59242"
"","MT. TOM WILDLIFE MARSH","RI NONAME #3","RI01107","-","Private","MT. TOM CLUB","17","1620","Fish and Wildlife Pond","Recreation, Fish and Wildlife Pond","-","WOODY HILL BROOK","EXETER","-","WASHINGTON","RI","RI02","James R. Langevin (D)","N","Y","N","-","-71.73459621","41.55828474"
"","EASTON POND SOUTH","-","RI02101","09/14/2005","Local Government","NEWPORT, CITY OF","13","1375","Water Supply","Water Supply","-","BAILEY BROOK","NEWPORT","0","NEWPORT","RI","RI01","David N. Cicilline (D)","Y","Y","Y","-","-71.28682711","41.49049376"
"","WYOMING UPPER","-","RI01401","11/29/2011","State","RI DEM FISH & WILDLIFE","15","444","Fish and Wildlife Pond","Recreation, Fish and Wildlife Pond","-","WOOD RIVER","HOPKINTON","0","WASHINGTON","RI","RI02","James R. Langevin (D)","Y","Y","Y","-","-71.70340729","41.51592255"
"","SPRAGUE LOWER RESERVOIR","LAKE WIONKHEIGE","RI03109","11/23/2009","Private","LAKE WIONKHIEGE IMPROVEMENT ASSOCIATION","19","255","Recreation","Recreation","-","STILLWATER RIVER-TRIB","SMITHFIELD","1","PROVIDENCE","RI","RI01","David N. Cicilline (D)","Y","Y","Y","-","-71.5451355","41.88528441"
"","SHOESTRING MILL","-","RI04441","03/30/2011","Local Government","PROVIDENCE WATER SUPPLY BOARD","20","0","-","-","-","BRANDY BROOK","-","0","PROVIDENCE","RI","RI02","James R. Langevin (D)","Y","Y","Y","-","-71.5826","41.81714"
"","CLARKVILLE POND","-","RI01309","10/19/2009","Private","ABBOTT, JOHN MORTON","14","165","Recreation","Recreation","-","MARY BROWN BROOK","GLOCESTER","10","PROVIDENCE","RI","RI02","James R. Langevin (D)","Y","Y","Y","-","-71.78951266","41.92179874"
"","ARCTIC","FACTORY STREET DAM","RI03802","04/16/2015","Private","NATCO PRODUCTS CORPORATION","27.5","442","Hydroelectric","Hydroelectric","-","SOUTH BRANCH PAWTUXET RIVER","ARCTIC","0","KENT","RI","RI02","James R. Langevin (D)","N","N","N","11/22/2013","-71.5211","41.7067"
"","CAPRON POND","-","RI04325","-","Private","BOEHM, RAYMOND","15","8","Other","Other","-","WOONASQUATUCKET RIVER","SMITHFIELD","0","PROVIDENCE","RI","RI01","David N. Cicilline (D)","N","Y","N","-","-71.52187352","41.90322117"
"","WINCHECK POND","-","RI01402","05/07/2010","Private","RHODE ISLAND BOY SCOUTS","9","650","Recreation","Recreation","-","MOSCOW BROOK","HOPKINTON","0","WASHINGTON","RI","RI02","James R. Langevin (D)","Y","Y","Y","-","-71.76230622","41.52031327"
"","BUCK HILL POND","BUCK HILL MANAGEMENT AREA","RI00310","-","State","RI DEM FISH & WILDLIFE","12","196","Fish and Wildlife Pond","Recreation, Fish and Wildlife Pond","-","LEESON BROOK","BURRILLVILLE","-","PROVIDENCE","RI","RI02","James R. Langevin (D)","N","Y","N","-","-71.78859709","41.98976515"
"","YAWGOOG POND","-","RI01403","11/22/2011","Private","RHODE ISLAND BOY SCOUTS","17","990","Recreation","Recreation","-","WINCHECK BROOK","HOPKINTON","1","WASHINGTON","RI","RI02","James R. Langevin (D)","Y","Y","Y","-","-71.78054581","41.5170951"
"","NELSON POND","PARADISE POND","RI01901","05/23/2011","Local Government","NEWPORT, CITY OF","17","230","Water Supply","Water Supply","-","PARADISE BROOK","MIDDLETOWN","0","NEWPORT","RI","RI01","David N. Cicilline (D)","Y","Y","Y","-","-71.26276403","41.49134827"
"","GEORGIAVILLE POND","-","RI03108","05/20/2010","-","SMITHFIELD, TOWN OF (OWNER)","35","1950","Recreation","Recreation","-","WOONASQUATUCKET RIVER","SMITHFIELD","0","PROVIDENCE","RI","RI01","David N. Cicilline (D)","Y","Y","Y","-","-71.50653076","41.89309309"
"","WOOD RIVER JUNCTION","MEADOWBROOK POND","RI02902","-","Private","SNYDER, THEODORE & VIRGINIA CARDOZO","189","164850","Recreation","Recreation","-","MEADOW BROOK","RICHMOND","3","WASHINGTON","RI","RI02","James R. Langevin (D)","Y","Y","Y","-","-71.69108577","41.43787383"
"","GARDINER POND","-","RI01902","05/23/2011","Local Government","NEWPORT, CITY OF","20","1350","Water Supply","Water Supply","-","MAIDFORD BROOK","MIDDLETOWN","0","NEWPORT","RI","RI01","David N. Cicilline (D)","Y","Y","Y","-","-71.25479894","41.48837662"
"","BARDEN RESERVOIR","-","RI03003","-","Local Government","PROVIDENCE WATER SUPPLY BOARD","12","1935","Water Supply","Water Supply","-","PONAGANSET RIVER","SCITUATE","0","PROVIDENCE","RI","RI02","James R. Langevin (D)","Y","Y","Y","-","-71.67375184","41.79198073"
"","MILL POND","-","RI04390","03/29/2006","Private","O'KEEFE, DENNIS, TRUST","5","17","Fish and Wildlife Pond","Fish and Wildlife Pond","Earth","ADAMSVILLE BROOK","TIVERTON","1","NEWPORT","RI","RI01","David N. Cicilline (D)","Y","Y","Y","-","-71.13689","41.57501"
"","BROWNING MILL POND","ACADIA POND","RI01104","01/01/2012","State","RI DEM FISH & WILDLIFE","13","260","Fish and Wildlife Pond","Recreation, Fish and Wildlife Pond","-","ROARING BROOK","HOPKINTON","-","WASHINGTON","RI","RI02","James R. Langevin (D)","Y","Y","Y","-","-71.69290925","41.55834581"
"","PAWTUCKET UPPER","SLATER MILL POND","RI04270","-","-","NARRAGANSETT ELECTRIC COMPANY","14","65","-","-","-","BLACKSTONE RIVER","PAWTUCKET","0","PROVIDENCE","RI","RI01","David N. Cicilline (D)","N","Y","N","-","-71.38220974","41.87714388"
"","YORKER MILL POND","SLOCUM DAM / YAWGOO MILL POND","RI01109","05/07/2010","Private","DORSET MILL PARTNERSHIP","12","100","Other","Recreation, Other","-","CHIPUXET RIVER","EXETER","1","WASHINGTON","RI","RI02","James R. Langevin (D)","Y","Y","Y","-","-71.52324576","41.52170647"
"","QUIDNICK POND UPPER","-","RI04037","-","Private","CLARIANT CORPORATION","22","50","Other","Other","-","PAWTUXET RIVER-SOUTH BRANCH","COVENTRY","0","KENT","RI","RI02","James R. Langevin (D)","N","Y","N","-","-71.54135127","41.6952133"
"","WESTCONNAUG RESERVOIR","-","RI01201","-","Local Government","PROVIDENCE WATER SUPPLY BOARD","17","150","Water Supply","Water Supply","-","WESTCONNAUG BROOK","SCITUATE","1","PROVIDENCE","RI","RI02","James R. Langevin (D)","Y","Y","Y","-","-71.67716975","41.77225878"
"","BRIDLEWOOD UPPER END","-","RI04442","09/17/2014","Private","KURL, RABINDER & RITA","5","0","-","-","-","MOSHASSUCK RIVER-TRIB","-","0","PROVIDENCE","RI","RI01","David N. Cicilline (D)","Y","Y","Y","-","-71.46078","41.91206"
"","CAMP WARWICK POND","OK-WA-NESSET CAMP","RI04347","-","Private","YMCA OF GREATER PROVIDENCE","29","81","Recreation","Recreation","Earth","HARDIG BROOK-TRIB","WARWICK","0","KENT","RI","RI02","James R. Langevin (D)","Y","Y","Y","-","-71.49636073","41.69378279"
"","SLOCUM RESERVOIR","THE RESERVOIR","RI01108","05/24/2010","Private","AMERICAN BAPTIST CHURCHES OF R.I.","8","70","Recreation","Recreation","-","CHIPUXET RIVER","EXETER","1","WASHINGTON","RI","RI02","James R. Langevin (D)","Y","Y","Y","-","-71.52001185","41.539917"
"","INDIAN LAKE","-","RI03204","-","Private","VILLAGE AT INDIAN LAKE HOME & CONDOMINIUM OWNERS ASSOC.","11","200","Recreation","Recreation","-","SAUGATUCKET RIVER","SOUTH KINGSTOWN","2","WASHINGTON","RI","RI02","James R. Langevin (D)","N","Y","N","-","-71.47432713","41.47608568"
"","STILLWATER MILL POND","-","RI04322","-","Private","VAUGHN DANIEL S.","16","72","Other","Other","-","STILLWATER RIVER","SMITHFIELD","0","PROVIDENCE","RI","RI01","David N. Cicilline (D)","N","Y","N","-","-71.55912776","41.87599567"
"","BRIDLEWOOD POND","-","RI04328","06/15/2010","Private","DELISI, LUCY V., PER, RES, TR","7","12","Recreation","Recreation","-","MOSHASSUCK RIVER-TRIB","LINCOLN","0","PROVIDENCE","RI","RI01","David N. Cicilline (D)","Y","Y","Y","-","-71.4589767","41.91031268"
"","GORHAM, N. FARM POND","RI NONAME #1","RI01202","-","Private","DUNBAR, MAURICE A. & IDA D.","9","109","Fire Protection, Stock, Or Small Fish Pond","Fire Protection, Stock, Or Small Fish Pond","-","MOOSUP RIVER-TRIB","FOSTER","-","PROVIDENCE","RI","RI02","James R. Langevin (D)","Y","Y","Y","-","-71.76010892","41.74003221"
"","BLEACHERY POND","-","RI04238","06/15/2010","Private","PROVIDENCE CASKET CO.","8","30","Hydroelectric","Hydroelectric","Earth","MOSHASSUCK RIVER","LINCOLN","0","PROVIDENCE","RI","RI01","David N. Cicilline (D)","Y","Y","Y","-","-71.40857571","41.89272826"
"","SIMMONS UPPER RESERVOIR","-","RI01602","09/09/2010","Local Government","JOHNSTON, TOWN OF","16","430","Debris Control","Debris Control","-","CEDAR SWAMP BROOK","JOHNSTON","2","PROVIDENCE","RI","RI02","James R. Langevin (D)","Y","Y","Y","-","-71.51953124","41.79708863"
"","HAMILTON RESERVOIR","-","RI04253","12/19/2011","Private","DWORMAN ASSOCIATES, LTD.","10","53","Fish and Wildlife Pond","Fish and Wildlife Pond, Other","-","ANNAQUATUCKET RIVER","NORTH KINGSTOWN","0","WASHINGTON","RI","RI02","James R. Langevin (D)","Y","Y","Y","-","-71.44106291","41.55018617"
"","HANDY POND UPPER","-","RI04240","06/15/2010","Local Government","LINCOLN, TOWN OF","12","50","Other","Other","-","HANDY BROOK","LINCOLN","0","PROVIDENCE","RI","RI01","David N. Cicilline (D)","Y","Y","Y","-","-71.47239682","41.95870205"
"","BOUCHAR FARM POND","-","RI04371","12/08/2011","Private","APPOLONIA, GARY M.","7.4","37","Fire Protection, Stock, Or Small Fish Pond","Fire Protection, Stock, Or Small Fish Pond","Earth","HARDIG BROOK","WEST WARWICK","0","KENT","RI","RI02","James R. Langevin (D)","Y","Y","Y","-","-71.5106354","41.68548967"
"","WILBUR POND","-","RI00313","05/14/2010","Private","TILLINGHAST HOLDING CO. LLC","12","100","Recreation","Recreation","-","MARY BROWN BROOK","GLOCESTER","1","PROVIDENCE","RI","RI02","James R. Langevin (D)","Y","Y","Y","-","-71.76442717","41.93022156"
"","SPRAGUE POND","-","RI04525","07/28/2005","Private","NARRAGANSETT, TOWN OF","12","0","-","-","-","CROOKED BROOK-TRIB","-","0","WASHINGTON","RI","RI02","James R. Langevin (D)","Y","Y","Y","-","-71.47011","41.43406"
"","LOUISQUISSET FLOOD CONTROL","-","RI04551","10/14/2009","Not Listed","-","0","0","Flood Control","Flood Control","-","WEST RIVER-TRIB","-","0","PROVIDENCE","RI","RI01","David N. Cicilline (D)","Y","Y","Y","-","-71.44463","41.86988"
"","CENTRAL FALLS","PANTEX MILL POND","RI00402","-","State","RI DEM","8","120","Hydroelectric","Hydroelectric","-","BLACKSTONE RIVER","CENTRAL FALLS","0","PROVIDENCE","RI","RI01","David N. Cicilline (D)","N","N","N","-","-71.38019566","41.88773729"
"","CHERRY VALLEY POND","-","RI01307","-","Private","MOSCA, GERALD","14","1026","Recreation","Recreation","-","CHEPACHET RIVER","GLOCESTER","3","PROVIDENCE","RI","RI02","James R. Langevin (D)","Y","Y","Y","-","-71.67400355","41.87384416"
"","MILL","-","RI04556","-","Local Government","NEW SHOREHAM, TOWN OF","12","58","-","-","-","MILL TAIL BROOK","-","0","WASHINGTON","RI","RI02","James R. Langevin (D)","Y","Y","Y","-","-71.56479","41.17246"
"","MILLBROOK POND","HOPKINS POND","RI01101","-","Private","THREEBROOK LLC","15","300","Recreation","Recreation","-","CONGDON RIVER","WEST GREENWICH","1","WASHINGTON","RI","RI02","James R. Langevin (D)","N","Y","N","-","-71.62298585","41.59480285"
"","EISENHOWER LAKE","K A LOUTTIT LOWER POND","RI03702","-","State","RI UNIVERSITY OF RHODE ISLAND","8","1520","Recreation","Recreation","-","ACID FACTORY BK","WEST GREENWICH","0","KENT","RI","RI02","James R. Langevin (D)","N","Y","N","-","-71.71921534","41.61701584"
"","RODMAN MILL","-","RI04408","05/07/2010","Private","LAFAYETTE MILL COMPLEX ASSOCIATES","0","0","-","-","-","ANNAQUATUCKET RIVER","NORTH KINGSTONW","0","WASHINGTON","RI","RI02","James R. Langevin (D)","Y","Y","Y","-","-71.48667904","41.57304075"
"","SECRET LAKE","-","RI04497","12/19/2011","Private","NORTH KINGSTOWN, TOWN OF","0","0","-","-","-","ANNAQUATUCKET RIVER-TRIB","-","0","WASHINGTON","RI","RI02","James R. Langevin (D)","Y","Y","Y","-","-71.47262","41.55709"
"","ALBION","-","RI00808","-","Not Listed","-","22","349","-","-","Masonry","BLACKSTONE RIVER","LINCOLN","0","PROVIDENCE","RI","RI01","David N. Cicilline (D)","N","Y","N","-","-71.45355221","41.95420839"
"","WRIGHT, T. FARM POND","-","RI04183","09/18/2003","Private","LANPHEAR, CLAYTON D. III & LESLIE G.","11","8","Fire Protection, Stock, Or Small Fish Pond","Fire Protection, Stock, Or Small Fish Pond","Earth","CHEPACHET RIVER-TRIB","GLOCESTER","0","PROVIDENCE","RI","RI02","James R. Langevin (D)","Y","Y","Y","-","-71.66348271","41.91297151"
"","BUCKLIN POINT","-","RI04117","11/21/2011","Public Utility","NARRAGANSETT BAY COMMISSION","20","10","-","-","-","SEEKONK RIVER-TRIB","EAST PROVIDENCE","0","PROVIDENCE","RI","RI01","David N. Cicilline (D)","Y","Y","Y","-","-71.36568445","41.85192487"
"","ALMY RESERVOIR","-","RI01606","07/28/2010","Local Government","JOHNSTON, TOWN OF","33","1030","Other","Other","-","DRY BROOK","JOHNSTON","2","PROVIDENCE","RI","RI02","James R. Langevin (D)","Y","Y","Y","-","-71.52053837","41.81468578"
"","BLOCK ISLAND ROD & GUN CLUB POND","MILL TAIL POND","RI02201","11/20/2014","Private","ESTATE OF GEORGE RUSSELL JAMES","14","75","Recreation","Recreation","-","MILL TAIL BROOK","NEW SHOREHAM","-","WASHINGTON","RI","RI02","James R. Langevin (D)","Y","Y","Y","-","-71.56372834","41.17082977"
"","BREAKHEART POND","-","RI01102","-","State","RIDEM FISH AND WILDLIFE","9","106","Recreation","Recreation","-","BREAKHEART BROOK","EXETER","1","WASHINGTON","RI","RI02","James R. Langevin (D)","N","N","N","-","-71.70317999","41.59546107"
"","ARKWRIGHT POND","-","RI04039","-","Private","ARKWRIGHT, INC.","12","52","Other","Other","-","PAWTUXET RIVER-NORTH BRANCH","WEST WARWICK","1","KENT","RI","RI02","James R. Langevin (D)","N","Y","N","-","-71.54554744","41.72969819"
"","EASTON POND NORTH","GREEN END POND","RI01903","05/23/2011","Local Government","NEWPORT, CITY OF","14","700","Water Supply","Water Supply","-","BAILEY BROOK","MIDDLETOWN","0","NEWPORT","RI","RI01","David N. Cicilline (D)","Y","Y","Y","-","-71.28888697","41.49385833"
"","ROUND TOP POND","-","RI00307","-","State","RI DEM FISH & WILDLIFE","10","85","Fish and Wildlife Pond","Recreation, Fish and Wildlife Pond","-","ROUNDTOP BROOK","BURRILLVILLE","3","PROVIDENCE","RI","RI02","James R. Langevin (D)","N","Y","N","-","-71.69992828","42.0019493"
"","POCASSET POND","-","RI04218","12/09/2011","Local Government","JOHNSTON, TOWN OF","8.5","15","Other","Other","Earth","POCASSET RIVER","JOHNSTON","0","PROVIDENCE","RI","RI02","James R. Langevin (D)","Y","Y","Y","-","-71.50646211","41.82574082"
"","POTOWOMUT POND","-","RI02304","-","State","RI DEM FISH & WILDLIFE","14","167","Fish and Wildlife Pond","Recreation, Fish and Wildlife Pond","-","POTOWOMUT RIVER","NORTH KINGSTOWN","0","WASHINGTON","RI","RI02","James R. Langevin (D)","N","Y","N","-","-71.4539871","41.63013842"
"","SPRING LAKE","HERRING POND","RI00306","-","Private","HARRISVILLE SPRING LAKE CAMPERS, INC.","14","60","Recreation","Recreation","-","HERRING BROOK","BURRILLVILLE","2","PROVIDENCE","RI","RI02","James R. Langevin (D)","Y","Y","Y","-","-71.66610715","41.97824479"
"","CURRAN LOWER RESERVOIR","SPRING LAKE","RI00703","06/07/2010","State","RI DEM PARKS & RECREATION","17","250","Fish and Wildlife Pond","Recreation, Fish and Wildlife Pond","-","CLARKE BROOK","CRANSTON","1","PROVIDENCE","RI","RI02","James R. Langevin (D)","Y","Y","Y","-","-71.54538729","41.74174502"
"","DAVID KING FARM POND","-","RI04184","11/19/2011","Private","KING, GARY A","13","22","Fish and Wildlife Pond","Fire Protection, Stock, Or Small Fish Pond, Fish and Wildlife Pond","Earth","SPRING GROVE BROOK","GLOCESTER","0","PROVIDENCE","RI","RI02","James R. Langevin (D)","Y","Y","Y","-","-71.6494598","41.90028762"
"","HARRIS POND","-","RI04197","03/05/2013","Private","CARAPEZZA, EDWARD","5","3","-","-","-","TOMAQUAG BROOK-TRIB","HOPKINTON","0","WASHINGTON","RI","RI02","James R. Langevin (D)","Y","Y","Y","-","-71.7559128","41.46131133"
"","WILSON RESERVOIR","-","RI00302","11/24/2009","Private","WILSON RESERVOIR ASSOCIATION","21","840","Recreation","Recreation","-","CLEAR RIVER","BURRILLVILLE","1","PROVIDENCE","RI","RI02","James R. Langevin (D)","Y","Y","Y","-","-71.7223282","41.96615218"
"","WAKEFIELD POND","-","RI04131","-","Private","BOY SCOUTS OF AMERICA, NARRAGANSETT COUNCIL","11","6","Recreation","Recreation","-","BLACKMORE BROOK","THOMPSON, CT.","5","PROVIDENCE","RI","CT02","Joe Courtney (D)","N","Y","N","-","-71.79846192","41.96142958"
"","VALLEY FALLS","SAMOSET DAM","RI00401","09/21/2015","Private","GELARDIN/BRUNER/COTT, INC.","10","80","Hydroelectric","Hydroelectric","-","BLACKSTONE RIVER","CENTRAL FALLS","0","PROVIDENCE","RI","RI01","David N. Cicilline (D)","N","N","N","01/06/2015","-71.3898","41.9011"
"","ROYAL MILLS","RIVERPOINT UPPER DAM","RI04367","04/16/2015","Private","SBER ROYAL MILLS, LLC","21","15.19","Hydroelectric","Hydroelectric","Gravity","SOUTH BRANCH PAWTUXET RIVER","WEST WARWICK","0","KENT","RI","RI02","James R. Langevin (D)","N","N","N","04/26/2010","-71.5165","41.7128"
"","MOUNTAINDALE RESERVOIR","-","RI03107","-","Local Government","SMITHFIELD, TOWN OF","8","770","Recreation","Recreation","-","REAPER BROOK","SMITHFIELD","0","PROVIDENCE","RI","RI01","David N. Cicilline (D)","N","Y","N","-","-71.53610233","41.88528058"
"","ALLENDALE POND","-","RI02403","-","Private","MILESTONE PROPERTIES CORP.","11","140","Other","Other","-","WOONASQUATUCKET RIVER","JOHNSTON","0","PROVIDENCE","RI","RI02","James R. Langevin (D)","N","Y","N","-","-71.48179623","41.85102082"
"","HOPKINS POND","-","RI04321","11/23/2009","Private","OUELLETTE, MARYBETH","11","18","Other","Other","-","SLACK RESERVOIR BROOK","SMITHFIELD","0","PROVIDENCE","RI","RI01","David N. Cicilline (D)","Y","Y","Y","-","-71.55189513","41.87094115"
"","BOWDISH RESERVOIR","BOWDISH RESERVOIR UPPER","RI01308","-","State","RI DEM FORESTRY","19","424","Recreation","Recreation","-","MARY BROWN BROOK","GLOCESTER","0","PROVIDENCE","RI","RI02","James R. Langevin (D)","Y","Y","Y","-","-71.77817016","41.92456791"
"","GRIST MILL APARTMENTS","-","RI04555","04/29/2010","Not Listed","-","16","0","-","-","-","HARDIG BROOK","-","0","KENT","RI","RI02","James R. Langevin (D)","Y","Y","Y","-","-71.46789","41.69958"
"","HEFLER FARM POND","BROWNING POND","RI04331","06/04/2010","Not Listed","-","11","6","Fire Protection, Stock, Or Small Fish Pond","Fire Protection, Stock, Or Small Fish Pond","-","ROCKY BROOK","SOUTH KINGSTOWN","0","WASHINGTON","RI","RI02","James R. Langevin (D)","Y","Y","Y","-","-71.50299072","41.45475768"
"","FORESTDALE POND","-","RI02504","11/12/2009","Not Listed","-","19.5","280","-","-","-","BRANCH RIVER","NORTH SMITHFIELD","0","PROVIDENCE","RI","RI01","David N. Cicilline (D)","Y","Y","Y","-","-71.56406397","41.99607086"
"","NATICK POND","-","RI03801","04/29/2010","Private","WEST WARWICK, TOWN OF; WARWICK, CITY OF","30.39","1100","Other","Other","-","PAWTUXET RIVER","WEST WARWICK","0","KENT","RI","RI02","James R. Langevin (D)","Y","Y","Y","-","-71.49240108","41.71738052"
"","MIDDLE POND","-","RI00611","05/29/2014","Private","SOUCY, MICHAEL E. & ROBERTA","10","50","Recreation","Recreation","Earth","NORTHRUP BROOK","COVENTRY","1","KENT","RI","RI02","James R. Langevin (D)","Y","Y","Y","-","-71.55402369","41.70004273"
"","WATSON, HAROLD E, RESERVOIR","PACHET BROOK POND","RI01802","11/15/2010","Local Government","NEWPORT, CITY OF","38","7860","Water Supply","Water Supply","-","PACHET BROOK","LITTLE COMPTON","0","NEWPORT","RI","RI01","David N. Cicilline (D)","Y","Y","Y","-","-71.18989559","41.543808"
"","CLARKE'S POND UPPER","SEIDEL'S POND","RI04087","-","Private","LABRIE, LOIS","18","60","Other","Other","-","CLARKE BROOK","CRANSTON","0","PROVIDENCE","RI","RI02","James R. Langevin (D)","Y","Y","Y","-","-71.54727131","41.73688039"
"","MISCOE LAKE","GRANTS MILL POND","RI00801","-","Private","COOK, JEFFREY W.","9","154","-","-","-","MISCOE BROOK","CUMBERLAND","2","PROVIDENCE","RI","RI01","David N. Cicilline (D)","Y","Y","Y","-","-71.41711422","42.00765227"
"","BELKNAP POND","-","RI04215","12/09/2011","Private","GOTT, FRED A., JR.","8","7","Other","Other","-","ASSAPUMPSET BROOK","JOHNSTON","0","PROVIDENCE","RI","RI02","James R. Langevin (D)","Y","Y","Y","-","-71.50595098","41.84923176"
"","HUGHESDALE POND UPPER","-","RI04221","12/09/2011","Private","FONTAINE, JEANNETTE Y., OF THE FONTAINE LIVING TRUST","22","55","Other","Other","-","DRY BROOK","JOHNSTON","0","PROVIDENCE","RI","RI02","James R. Langevin (D)","Y","Y","Y","-","-71.50185396","41.80725481"
"","HARRIS POND","-","RI04038","06/07/2010","Local Government","PAWTUXET RIVER AUTHORITY","24","80","Other","Other","-","PAWTUXET RIVER-NORTH BRANCH","WEST WARWICK","0","KENT","RI","RI02","James R. Langevin (D)","Y","Y","Y","-","-71.53971863","41.72542574"
"","HOPKINS FARM POND","-","RI04058","07/13/2012","Private","JEREMY VOTOLATO, D/B/A ISLAND GREEN GOLF, LLC","8","12","Fire Protection, Stock, Or Small Fish Pond","Fire Protection, Stock, Or Small Fish Pond","Earth","PAWTUXET RIVER-SOUTH BRANCH","COVENTRY","1","KENT","RI","RI02","James R. Langevin (D)","Y","Y","Y","-","-71.57142634","41.69487763"
"","SLATERSVILLE RESERVOIR LOWER","-","RI02503","12/14/2011","Private","DUDLEY DEVELOPMENT CORP.","18","328","-","-","-","BRANCH RIVER","NORTH SMITHFIELD","1","PROVIDENCE","RI","RI01","David N. Cicilline (D)","Y","Y","Y","-","-71.58051304","41.99895096"
"","BOONE LAKE","-","RI01103","08/14/2013","Private","BOONE LAKE DAM MANAGEMENT DISTRICT","21","360","Recreation","Recreation","-","ROARING BROOK","EXETER","0","WASHINGTON","RI","RI02","James R. Langevin (D)","Y","Y","Y","-","-71.67799372","41.58201219"
"","ST MARYS POND","-","RI02703","11/15/2010","Local Government","NEWPORT, CITY OF","12","1220","Water Supply","Water Supply","-","LAWTON VALLEY BROOK","PORTSMOUTH","0","NEWPORT","RI","RI01","David N. Cicilline (D)","Y","Y","Y","-","-71.27327729","41.554451"
"","HORSESHOE","NORTH SCITUATE HORSESHOE","RI03004","-","Local Government","PROVIDENCE WATER SUPPLY BOARD","10","50","Water Supply","Water Supply","-","PAWTUXET RIVER-NORTH BRANCH","SCITUATE","0","PROVIDENCE","RI","RI02","James R. Langevin (D)","Y","Y","Y","-","-71.59352877","41.83301924"
"","WAKEFIELD POND","MASLAND POND","RI04335","06/04/2010","Local Government","SOUTH KINGSTOWN, TOWN OF","9","35","Other","Other","-","SAUGATUCKET RIVER","SOUTH KINGSTOWN","0","WASHINGTON","RI","RI02","James R. Langevin (D)","Y","Y","Y","-","-71.50142673","41.43733978"
"","GORTON POND","-","RI03502","-","Local Government","WARWICK, CITY OF","11","255","Other","Recreation, Other","-","APPONAUG BROOK","WARWICK","0","KENT","RI","RI02","James R. Langevin (D)","Y","Y","Y","-","-71.46073916","41.7006607"
"","JAMES POND","-","RI01105","-","Private","BUCHANAN, HELEN","8","180","Other","Other","-","BEAVER RIVER","EXETER","0","WASHINGTON","RI","RI02","James R. Langevin (D)","N","Y","N","-","-71.64144901","41.57463072"
"","EDWARD'S POND","EXETER HOLLOW POND","RI04123","08/07/2012","Private","EXETER COUNTRY CLUB","9.3","16","-","-","-","QUEEN RIVER","EXETER","0","WASHINGTON","RI","RI02","James R. Langevin (D)","Y","Y","Y","-","-71.54112243","41.58156205"
"","WANSKUCK POND","-","RI04275","-","Not Listed","-","14","60","Other","Other","-","WEST RIVER","PROVIDENCE","0","PROVIDENCE","RI","RI01","David N. Cicilline (D)","N","Y","N","-","-71.43009944","41.8555336"
"","ASHTON","-","RI00807","-","Private","ASHTON DAM HYDRO WATT ASSOCIATES","21","347","-","-","-","BLACKSTONE RIVER","CUMBERLAND","0","PROVIDENCE","RI","RI01","David N. Cicilline (D)","N","Y","N","-","-71.43589018","41.9403915"
"","WASHINGTON POND UPPER","-","RI00608","-","Private","GARLAND INDUSTRIES, INC.","11","150","Other","Other","-","PAWTUXET RIVER-SOUTH BRANCH","COVENTRY","0","KENT","RI","RI02","James R. Langevin (D)","N","Y","N","-","-71.56733704","41.69017791"
"","BLUE POND","-","RI01405","06/01/2005","Private","ASHVILLE CORPORATION","13","550","Fish and Wildlife Pond","Recreation, Fish and Wildlife Pond","-","BLUE POND BROOK","HOPKINTON","1","WASHINGTON","RI","RI02","James R. Langevin (D)","Y","Y","Y","-","-71.74725341","41.50568773"
"","CROSS MILLS","-","RI04549","04/26/2006","Private","SOUTH COUNTY CONSERVANCY, INC.","0","0","-","-","-","NINIGRET POND-TRIB","-","0","WASHINGTON","RI","RI02","James R. Langevin (D)","Y","Y","Y","-","-71.64213","41.38341"
"","FACTORY MUTUAL RESEARCH CTR LOWER POND","-","RI04173","-","Private","FACTORY MUTUAL RESEARCH","15","60","Other","Other","Earth","SHADY OAK BROOK","GLOCESTER","0","PROVIDENCE","RI","RI02","James R. Langevin (D)","N","Y","N","-","-71.78236","41.88354"
"","SIMMONS POND","-","RI01801","01/01/2012","State","RI DEM FISH & WILDLIFE","9","90","Fish and Wildlife Pond","Recreation, Fish and Wildlife Pond","-","COLD BROOK","LITTLE COMPTON","1","NEWPORT","RI","RI01","David N. Cicilline (D)","Y","Y","Y","-","-71.14757533","41.53643036"
"","HAWKINS POND","-","RI01310","10/19/2009","Local Government","GLOCESTER LAND TRUST","24","125","Recreation","Recreation","-","MARY BROWN BROOK","GLOCESTER","1","PROVIDENCE","RI","RI02","James R. Langevin (D)","Y","Y","Y","-","-71.7948227","41.91821289"
"","BARBERVILLE POND","-","RI04387","11/29/2011","State","RI DEM","11","184","Fish and Wildlife Pond","Recreation, Fish and Wildlife Pond","Masonry","WOOD RIVER","HOPKINTON","0","WASHINGTON","RI","RI02","James R. Langevin (D)","Y","Y","Y","-","-71.69618","41.54084"
"","CUNLIFF POND","ELM LAKE / ROGER WILLIAMS PARK","RI02802","04/19/2004","Local Government","PROVIDENCE, CITY OF","12","168","Recreation","Recreation","-","MASHAPAUG BROOK","PROVIDENCE","0","PROVIDENCE","RI","RI02","James R. Langevin (D)","Y","Y","Y","-","-71.4125824","41.77378845"
"","CROMPTON LOWER","-","RI03804","-","Private","-","18","51","Other","Other","-","PAWTUXET RIVER-SOUTH BRANCH","WEST WARWICK","1","KENT","RI","RI02","James R. Langevin (D)","N","Y","N","-","-71.52521517","41.68575668"
"","STILLWATER RESERVOIR","STUMP POND","RI03101","01/01/2012","State","RI DEM FISH & WILDLIFE","39","3900","Fish and Wildlife Pond","Recreation, Fish and Wildlife Pond","-","WOONASQUATUCKET RIVER","SMITHFIELD","2.5","PROVIDENCE","RI","RI01","David N. Cicilline (D)","Y","Y","Y","-","-71.54209138","41.9089203"
"","ARNOLD POND","-","RI00605","11/17/2011","Private","GREENE COMPANY, THE","15","500","Other","Other","-","ROARING BROOK","COVENTRY","0","KENT","RI","RI02","James R. Langevin (D)","Y","Y","Y","-","-71.74973296","41.66816712"
"","UNION MILL POND","PASCOAG RES. LOWER","RI04011","11/18/2011","Private","SAYLES MILLS ASSOCIATES","8","70","-","-","-","PASCOAG RIVER","BURRILLVILLE","0","PROVIDENCE","RI","RI02","James R. Langevin (D)","Y","Y","Y","-","-71.70307161","41.95515439"
"","MOWER POND","SPRING GROVE POND","RI01303","02/19/1990","Private","TOLIAS, STEVEN","15","265","Recreation","Recreation","-","SPRING GROVE BROOK","GLOCESTER","2","PROVIDENCE","RI","RI02","James R. Langevin (D)","Y","Y","Y","-","-71.65351864","41.91373065"
"","CENTERVILLE POND","-","RI03803","-","Private","CENTREVILLE MILL II LLC","12","182","Other","Other","-","PAWTUXET RIVER","WEST WARWICK","1","KENT","RI","RI02","James R. Langevin (D)","Y","Y","Y","-","-71.52109528","41.69686127"
"","CAESARVILLE POND","-","RI04224","12/08/2011","Private","COMP REALTY, LLC","6","15","Other","Other","-","ASSAPUMPSET BROOK","JOHNSTON","0","PROVIDENCE","RI","RI02","James R. Langevin (D)","Y","Y","Y","-","-71.4874954","41.84579082"
"","BURLINGAME RESERVOIR UPPER","-","RI01306","03/30/2012","State","RI DEM FORESTRY","12","340","Fish and Wildlife Pond","Recreation, Fish and Wildlife Pond","-","BRANDY BROOK","GLOCESTER","0","PROVIDENCE","RI","RI02","James R. Langevin (D)","Y","Y","Y","-","-71.74237821","41.91408918"
"","BOWDISH LOWER","-","RI04519","04/10/2014","Private","SCHMIDT, LYNDA J","0","0","-","-","-","MARY BROWN BROOK","GLOCESTER","0","PROVIDENCE","RI","RI02","James R. Langevin (D)","Y","Y","Y","-","-71.78228","41.92377"
"","OAK SWAMP RESERVOIR","-","RI01601","06/04/2010","Local Government","JOHNSTON, TOWN OF","20","720","Recreation","Recreation","-","DRY BROOK","JOHNSTON","3","PROVIDENCE","RI","RI02","James R. Langevin (D)","Y","Y","Y","-","-71.53818517","41.8257561"
"","WHITE'S POND","-","RI04290","06/08/2005","State","RI DEM","8","12","Fish and Wildlife Pond","Fish and Wildlife Pond","Earth","WHITE BROOK","RICHMOND","0","WASHINGTON","RI","RI02","James R. Langevin (D)","Y","Y","Y","-","-71.66939549","41.47037886"
"","ALTON POND","WOOD RIVER POND","RI01407","-","Not Listed","-","10","79","Other","Recreation, Other","-","WOOD RIVER","RICHMOND","0","WASHINGTON","RI","RI02","James R. Langevin (D)","Y","Y","Y","-","-71.7214966","41.43777466"
"","PEACE DALE POND","SAUGATUCKET POND","RI03201","06/04/2010","Private","PALISADES INDUSTRIES, INC.","16","307","Other","Other","-","SAUGATUCKET RIVER","SOUTH KINGSTOWN","1","WASHINGTON","RI","RI02","James R. Langevin (D)","Y","Y","Y","-","-71.49524684","41.45241166"
"","SMITH + SAYLES RESERVOIR","SAND","RI01302","05/08/2014","Private","SAND DAM RESERVOIR ASSOCIATION","16","1450","Recreation","Recreation","-","CHEPACHET RIVER","GLOCESTER","1","PROVIDENCE","RI","RI02","James R. Langevin (D)","Y","Y","Y","-","-71.67700962","41.9022369"
"","OLNEY POND","LINCOLN WOODS PARK","RI01702","06/27/2012","State","RI DEM PARKS & RECREATION","29.5","1860","Recreation","Recreation","-","THREADMILL BROOK","LINCOLN","2","PROVIDENCE","RI","RI01","David N. Cicilline (D)","Y","Y","Y","-","-71.42663569","41.89469913"
"","LONG POND","-","RI01410","-","State","RI DEM","13","146","Other","Other","-","BLUE POND BROOK","HOPKINTON","1","WASHINGTON","RI","RI02","James R. Langevin (D)","N","Y","N","-","-71.76535033","41.50665665"
"","JAMESTOWN LOWER RESERVOIR","WATSON POND","RI04214","08/07/2012","Local Government","JAMESTOWN, TOWN OF","12","24","Water Supply","Water Supply","-","JAMESTOWN BROOK","JAMESTOWN","0","NEWPORT","RI","RI01","David N. Cicilline (D)","Y","Y","Y","-","-71.38166812","41.51107408"
"","GREYSTONE","-","RI01604","-","Private","WORCESTER COMPANY","20","393","-","-","-","WOONASQUATUCKET RIVER","NORTH PROVIDENCE/JOHNSTON","0","PROVIDENCE","RI","RI02","James R. Langevin (D)","N","Y","N","-","-71.49243169","41.86607357"
"","RAWSON POND","-","RI00804","-","Private","MCHOUL, DONALD","20","200","Recreation","Recreation","-","ABBOTT RUN","CUMBERLAND","1","PROVIDENCE","RI","RI01","David N. Cicilline (D)","Y","Y","Y","-","-71.38718413","41.96382906"
"","GREAT SWAMP GOOSE MARSH","-","RI03202","-","State","RIDEM FISH ANDWILDLIFE","12","800","Fish and Wildlife Pond","Recreation, Fish and Wildlife Pond","-","PAWCATUCK RIVER","SOUTH KINGSTOWN","0","WASHINGTON","RI","RI02","James R. Langevin (D)","N","N","N","-","-71.60341698","41.45289385"
"","WALLUM LAKE","-","RI00301","09/25/2003","-","RI HILLCROFT, INC.","10","10000","Recreation","Recreation","-","CLEAR RIVER","BURRILLVILLE","4","PROVIDENCE","RI","RI02","James R. Langevin (D)","Y","Y","Y","-","-71.76204","42.00071"
"","LAKE WASHINGTON","CRANBERRY BOG POND","RI01311","11/05/2009","Private","LAKE WASHINGTON NEIGHBORHOOD ASSOCIATION","6","85","Recreation","Recreation","-","MARY BROWN BROOK","GLOCESTER","0","PROVIDENCE","RI","RI02","James R. Langevin (D)","Y","Y","Y","-","-71.75922396","41.91394039"
"","CARR POND","GILBERT STUART POND","RI02303","08/07/2012","Private","GILBERT STUART MEMORIAL, INC.","10","190","Recreation","Recreation","-","MATTATUXET RIVER","NORTH KINGSTOWN","0","WASHINGTON","RI","RI02","James R. Langevin (D)","Y","Y","Y","-","-71.44455717","41.52027893"
"","DEXTER FARM POND","-","RI04226","12/08/2011","Private","DEXTER, HENRY","10.5","5","Fire Protection, Stock, Or Small Fish Pond","Fire Protection, Stock, Or Small Fish Pond","Earth","POCASSET RIVER-TRIB","JOHNSTON","0","PROVIDENCE","RI","RI02","James R. Langevin (D)","Y","Y","Y","-","-71.55164332","41.83803936"
"","WENSCOTT RESERVOIR","TWIN RIVERS","RI02401","11/24/2009","Local Government","NORTH PROVIDENCE, TOWN OF","12","380","Recreation","Recreation","-","WEST RIVER","NORTH PROVIDENCE","1","PROVIDENCE","RI","RI01","David N. Cicilline (D)","Y","Y","Y","-","-71.46356968","41.87181092"
"","WATERMAN POND","-","RI00606","-","Private","FERGUSON, J. CECIL","21","462","Recreation","Recreation","-","WARWICK BROOK","COVENTRY","0","KENT","RI","RI02","James R. Langevin (D)","N","Y","N","-","-71.72988893","41.71139909"
"","SLOCUM WOODS","-","RI04486","12/19/2011","Private","SLOCUM WOODS HOMEOWNER'S ASSOCIATION","0","0","Irrigation","Irrigation","-","CHIPUXET RIVER-TRIB","-","0","WASHINGTON","RI","RI02","James R. Langevin (D)","Y","Y","Y","-","-71.51072","41.52396"
"","HORSESHOE FALLS","SHANNOCK","RI02901","-","Private","RUSSO, MIKE","10","60","Other","Other","-","PAWCATUCK RIVER","RICHMOND","0","WASHINGTON","RI","RI02","James R. Langevin (D)","Y","Y","Y","-","-71.63639835","41.44766234"
"","TEN MILE RESERVATION","-","RI02601","-","Not Listed","-","13","207","Recreation","Recreation","-","TEN MILE RIVER","PAWTUCKET","1","PROVIDENCE","RI","RI01","David N. Cicilline (D)","N","Y","N","-","-71.34090419","41.87455749"
"","ROCKY BROOK RESERVOIR","-","RI04384","-","Private","SOUTH KINGSTOWN, TOWN OF","10","0","Other","Other","Earth","ROCKY BROOK","SOUTH KINGSTOWN","1","WASHINGTON","RI","RI02","James R. Langevin (D)","Y","Y","Y","-","-71.50694","41.4553"
"","HOLLEY LANE POND","-","RI04414","07/30/2010","Private","H.S. REALTY CO.","8","0","-","-","-","IRON ROCK BROOK","-","0","PROVIDENCE","RI","RI01","David N. Cicilline (D)","Y","Y","Y","-","-71.47858","42.0037"
"","LOCUSTVILLE POND","-","RI01408","06/24/2010","Private","URE, GEORGIA","18","625","Hydroelectric","Hydroelectric, Recreation","-","BRUSHY BROOK","HOPKINTON","0","WASHINGTON","RI","RI02","James R. Langevin (D)","Y","Y","Y","-","-71.71644591","41.50851442"
"","ROSS POND","-","RI04026","11/18/2011","Private","GEORGE E.BINNS LIVING TRUST & NANCY F. BINNS, TRUSTEE","6","12","Recreation","Recreation","-","CLEAR RIVER-TRIB","BURRILLVILLE","1","PROVIDENCE","RI","RI02","James R. Langevin (D)","Y","Y","Y","-","-71.71854395","41.96374895"
"","GALE FARM POND UPPER","SEN. GALE UPPER POND","RI04106","05/24/2010","Private","GRANDCHAMP, RAYMOND F.","10.5","21","Fire Protection, Stock, Or Small Fish Pond","Fire Protection, Stock, Or Small Fish Pond","Earth","MASKERCHUGG RIVER-WEST BRANCH","EAST GREENWICH","0","KENT","RI","RI02","James R. Langevin (D)","Y","Y","Y","-","-71.47932436","41.65644835"
"","SILVER SPRING LAKE","-","RI02301","01/26/2012","State","RI DEM FISH & WILDLIFE","12","126","Fish and Wildlife Pond","Recreation, Fish and Wildlife Pond","-","MATTATUXET RIVER","NORTH KINGSTOWN","0","WASHINGTON","RI","RI02","James R. Langevin (D)","Y","Y","Y","-","-71.46931462","41.5380516"
"","WARREN RESERVOIR UPPER","-","RI03402","07/20/2012","Local Government","BRISTOL COUNTY WATER AUTHORITY","14","140","Water Supply","Water Supply","-","KICKAMUIT RIVER","WARREN","0","BRISTOL","RI","RI01","David N. Cicilline (D)","Y","Y","Y","-","-71.25926208","41.73991775"
"","MANVILLE","-","RI00809","-","Local Government","CUMBERLAND, TOWN OF","20","280","-","-","Masonry","BLACKSTONE RIVER","CUMBERLAND","2","PROVIDENCE","RI","RI01","David N. Cicilline (D)","N","Y","N","-","-71.4706955","41.9714851"
"","STATE STREET POND","-","RI04329","05/05/2004","Local Government","BRISTOL, TOWN OF","8","7","Flood Control","Flood Control","-","UNNAMED STREAM","BRISTOL","0","BRISTOL","RI","RI01","David N. Cicilline (D)","Y","Y","Y","-","-71.26657868","41.67212675"
"","PONAGANSET RESERVOIR","-","RI01304","11/05/2009","Local Government","PROVIDENCE WATER SUPPLY BOARD","26","3657","Water Supply","Water Supply","-","PONAGANSET RIVER","GLOCESTER","3","PROVIDENCE","RI","RI02","James R. Langevin (D)","Y","Y","Y","-","-71.74193568","41.86777117"
"","SUCKER POND","-","RI00305","05/14/2010","Private","BLISS GOLF INVESTORS LLC","14","330","-","-","-","SUCKER BROOK","BURRILLVILLE","3","PROVIDENCE","RI","RI02","James R. Langevin (D)","Y","Y","Y","-","-71.67079928","41.93589784"
"","METCALF WILDLIFE MARSH","RI NONAME #2","RI01106","06/24/2010","Private","SCOBCO ASSOCIATES","18","400","Recreation","Recreation","-","LOCKE BROOK","EXETER","-","WASHINGTON","RI","RI02","James R. Langevin (D)","Y","Y","Y","-","-71.61003","41.55725"
"","NICHOLS POND","-","RI00309","05/03/2010","Private","ROSSI, DAVID W. & LINDA M.","11","130","Recreation","Recreation","-","TARKILN BROOK","NORTH SMITHFIELD","3","PROVIDENCE","RI","RI02","James R. Langevin (D)","Y","Y","Y","-","-71.599678","41.95553211"
"","SPEAR POND","-","RI04139","-","Private","COYLE, MICHAEL","7.69","35","Fire Protection, Stock, Or Small Fish Pond","Fire Protection, Stock, Or Small Fish Pond","Earth","HEMLOCK BROOK","FOSTER","0","PROVIDENCE","RI","RI02","James R. Langevin (D)","Y","Y","Y","-","-71.72848512","41.80401991"
"","PEARCE POND","-","RI04047","06/07/2010","Private","NINE HOWARD DEVELOPMENT, LLC","10","15","Other","Other","-","BLACK ROCK BROOK","COVENTRY","0","KENT","RI","RI02","James R. Langevin (D)","Y","Y","Y","-","-71.53926","41.72366"
"","LIMEROCK RESERVOIR","-","RI04243","07/01/2008","Local Government","LINCOLN, TOWN OF","28","210","Other","Other","-","MOSHASSUCK RIVER","LINCOLN","0","PROVIDENCE","RI","RI01","David N. Cicilline (D)","Y","Y","Y","-","-71.46809384","41.92950059"
"","CARR POND","-","RI03703","-","State","RI WATER RESOURCES BOARD","23","350","Recreation","Recreation","-","CARR RIVER","WEST GREENWICH","0","KENT","RI","RI02","James R. Langevin (D)","N","Y","N","-","-71.55819707","41.63066101"
"","WOONSOCKET RESERVOIR # 1","-","RI04262","04/06/2015","Local Government","WOONSOCKET WATER DIVISION","47","145","Water Supply","Water Supply","-","CROOKFALL BROOK","NORTH SMITHFIELD","0","PROVIDENCE","RI","RI01","David N. Cicilline (D)","Y","Y","Y","-","-71.48897549","41.97651289"
"","BUTTERFLY POND","-","RI04235","06/15/2010","Local Government","LINCOLN, TOWN OF","8","26","Other","Other","-","MOSHASSUCK RIVER","LINCOLN","0","PROVIDENCE","RI","RI01","David N. Cicilline (D)","Y","Y","Y","-","-71.43215942","41.90711216"
"","UPPER POND","BREEZY LAKE","RI00609","11/17/2011","Local Government","COVENTRY, TOWN OF","13","50","Recreation","Recreation","-","NORTHRUP BROOK","COVENTRY","1","KENT","RI","RI02","James R. Langevin (D)","Y","Y","Y","-","-71.5537109","41.70465471"
"","CREAMER","-","RI04534","09/29/2010","Private","DANIEL T. CHURCH ESTATE HOMEOWNERS' ASSOCIATION","0","0","-","-","-","SAKONNET RIVER-TRIB","-","0","NEWPORT","RI","RI01","David N. Cicilline (D)","Y","Y","Y","-","-71.20396","41.63739"
"","NONQUIT POND","-","RI03301","11/15/2010","Local Government","NEWPORT, CITY OF","8","1950","Water Supply","Water Supply","-","BORDEN BROOK","TIVERTON","1","NEWPORT","RI","RI01","David N. Cicilline (D)","Y","Y","Y","-","-71.19700621","41.55345918"
"","PINE SWAMP RESERVOIR #1","-","RI04301","12/20/2011","Local Government","PROVIDENCE WATER SUPPLY BOARD","4","30","Water Supply","Water Supply","-","BRANDY BROOK","SCITUATE","0","PROVIDENCE","RI","RI02","James R. Langevin (D)","Y","Y","Y","-","-71.57396702","41.81732555"
"","TARBOX POND","-","RI03701","-","State","RI WATER RESOURCES BOARD","15","340","Recreation","Recreation","-","CARR RIVER","WEST GREENWICH","0","KENT","RI","RI02","James R. Langevin (D)","N","Y","N","-","-71.57351685","41.63638304"
"","WOONSOCKET RESERVOIR # 3","-","RI02505","07/19/2012","Local Government","WOONSOCKET WATER DIVISION","28","4740","Water Supply","Water Supply","-","CROOKFALL BROOK","NORTH SMITHFIELD","0","PROVIDENCE","RI","RI01","David N. Cicilline (D)","Y","Y","Y","-","-71.49140928","41.9428978"
"","MILL POND","ANTHONY MILL POND","RI00607","-","Private","CONCORDIA MANUFACTURING LLC","16","230","Other","Other","-","PAWTUXET RIVER-SOUTH BRANCH","COVENTRY","0","KENT","RI","RI02","James R. Langevin (D)","Y","Y","Y","-","-71.54697422","41.69553758"
"","MOSWANSICUT POND","-","RI03002","-","Local Government","PROVIDENCE WATER SUPPLY BOARD","35","4320","Water Supply","Water Supply","-","MOSWANSICUT BROOK","SCITUATE","1","PROVIDENCE","RI","RI02","James R. Langevin (D)","Y","Y","Y","-","-71.58254239","41.84088895"
"","SHADY LEA MILL","-","RI04500","03/17/2009","Private","REISERT REALTY CORPORATION","0","0","-","-","-","MATTATUXET RIVER","-","0","WASHINGTON","RI","RI02","James R. Langevin (D)","Y","Y","Y","-","-71.46357","41.53373"
"","BLACK ROCK RESERVOIR","-","RI00610","-","Private","HOLIDAY PRODUCTS INC.","14","244","Recreation","Recreation","-","BLACKROCK BROOK","WEST WARWICK","1","KENT","RI","RI02","James R. Langevin (D)","Y","Y","Y","-","-71.55370333","41.72004318"
"","GAINER MEMORIAL","SCITUATE RESERVOIR","RI03001","-","Local Government","PROVIDENCE WATER SUPPLY BOARD","15","5750","Water Supply","Water Supply","-","PAWTUXET RIVER-NORTH BRANCH","SCITUATE","2","PROVIDENCE","RI","RI02","James R. Langevin (D)","Y","Y","Y","-","-71.58486176","41.75326919"
"","WOONSOCKET DIKES 1 & 2","-","RI03902","07/16/2012","Federal","CENAE","9","300","Flood Control","Flood Control","Earth","BLACKSTONE","WOONSOCKET","0","PROVIDENCE","RI","RI01","David N. Cicilline (D)","N","N","N","-","-71.52913889","42.010075"
"","PASCOAG RESERVOIR UPPER","ECHO LAKE","RI00304","05/14/2010","Private","CONLEY, COLLEEN","27","9000","Recreation","Recreation","-","BRANDY BROOK","BURRILLVILLE","1","PROVIDENCE","RI","RI02","James R. Langevin (D)","Y","Y","Y","-","-71.70506286","41.95061489"
"","WOONSOCKET FALLS DAM","-","RI03902","07/16/2012","Federal","CENAE","24","300","Flood Control","Flood Control","-","BLACKSTONE","WOONSOCKET","0","PROVIDENCE","RI","RI01","David N. Cicilline (D)","N","N","N","-","-71.5183","41.9994"